{
    "balance_total": 1042.9702703288751,
    "balance_free": 512.0000000000003,
    "balance_used": 488.00000000000045,
    "pnl_unrealized": 0
}