{
    "balance_total": 993.4821391111835,
    "balance_free": 409.60000000000036,
    "balance_used": 590.4000000000008,
    "pnl_unrealized": 0
}