{
    "balance_total": 997.15864246246,
    "balance_free": 200.568271519158,
    "balance_used": 799.431728480842,
    "pnl_unrealized": 0
}