{
    "balance_total": 1105.882412024857,
    "balance_free": 1067.0408976713704,
    "balance_used": 3.410605131648481e-13,
    "pnl_unrealized": 0
}