{
    "balance_total": 1008.2555457717935,
    "balance_free": 1000.0000000000006,
    "balance_used": 1.1368683772161603e-13,
    "pnl_unrealized": 0
}